{
  "metadata": {
    "provider": "ollama",
    "model": "qwen2.5:7b-instruct",
    "seed": 26,
    "test_rows": 600,
    "train_rows": 600,
    "note": "Generated with a real GAI provider."
  },
  "tfidf_svm": {
    "roc-auc": 0.9858,
    "brier": 0.9653035665704895,
    "c@1": 0.9616666666666667,
    "f1": 0.9714993804213135,
    "f05u": 0.9664694280078896,
    "mean": 0.9701478083332719,
    "confusion": [
      [
        185,
        15
      ],
      [
        8,
        392
      ]
    ]
  },
  "compression_knn": {
    "roc-auc": 0.9959875,
    "brier": 0.9640491594164683,
    "c@1": 0.9583333333333334,
    "f1": 0.9696969696969697,
    "f05u": 0.9523809523809523,
    "mean": 0.9680895829655448,
    "confusion": [
      [
        175,
        25
      ],
      [
        0,
        400
      ]
    ]
  }
}