model,roc-auc,brier,c@1,f1,f05u,mean,confusion
tfidf_svm,0.9858,0.9653035665704895,0.9616666666666667,0.9714993804213135,0.9664694280078896,0.9701478083332719,"[[185, 15], [8, 392]]"
compression_knn,0.9959875,0.9640491594164683,0.9583333333333334,0.9696969696969697,0.9523809523809523,0.9680895829655448,"[[175, 25], [0, 400]]"
